project_id,contact_id,role
1,1,Owner
2,1,Owner
3,1,Owner
4,1,Owner
5,1,Owner
6,1,Owner
7,1,Owner
8,1,Owner
9,1,Owner
10,1,Owner
11,1,Owner
12,1,Owner
13,1,Owner
14,1,Owner
15,1,Owner
16,1,Owner
17,1,Owner
18,1,Owner
19,1,Owner
20,1,Owner
21,1,Owner
22,1,Owner
23,1,Owner
24,1,Owner
25,1,Owner
26,1,Owner
27,1,Owner
28,1,Owner
29,1,Owner
30,1,Owner
31,1,Owner
32,1,Owner
33,1,Owner
34,1,Owner
35,1,Owner
36,1,Owner
37,1,Owner
38,1,Owner
39,1,Owner
40,1,Owner
41,1,Owner
42,1,Owner
43,1,Owner
44,1,Owner
45,1,Owner
46,1,Owner
47,1,Owner
48,1,Owner
49,1,Owner
50,1,Owner
51,1,Owner
52,1,Owner
53,1,Owner
54,1,Owner
55,1,Owner
56,1,Owner
57,1,Owner
58,1,Owner
59,1,Owner
60,1,Owner
61,1,Owner
62,1,Owner
63,1,Owner
64,1,Owner
65,1,Owner
66,1,Owner
67,1,Owner
68,1,Owner
69,1,Owner
70,1,Owner
71,1,Owner
72,1,Owner
73,1,Owner
74,1,Owner
75,1,Owner
76,1,Owner
77,1,Owner
78,1,Owner
79,1,Owner
80,1,Owner
81,1,Owner
82,1,Owner
83,1,Owner
84,1,Owner
85,1,Owner
86,1,Owner
87,1,Owner
88,1,Owner
89,1,Owner
90,1,Owner
91,1,Owner
92,1,Owner
186,1,Owner
93,1,Owner
94,1,Owner
95,1,Owner
96,1,Owner
97,1,Owner
98,1,Owner
99,1,Owner
100,1,Owner
101,1,Owner
102,1,Owner
103,1,Owner
104,1,Owner
105,1,Owner
106,1,Owner
107,1,Owner
108,1,Owner
109,1,Owner
110,1,Owner
111,1,Owner
112,1,Owner
113,1,Owner
114,1,Owner
115,1,Owner
116,1,Owner
117,1,Owner
118,1,Owner
119,1,Owner
120,1,Owner
121,1,Owner
122,1,Owner
123,1,Owner
124,1,Owner
125,1,Owner
126,1,Owner
127,1,Owner
128,1,Owner
129,1,Owner
130,1,Owner
131,1,Owner
132,1,Owner
133,1,Owner
134,1,Owner
135,1,Owner
136,1,Owner
137,1,Owner
138,1,Owner
139,1,Owner
140,1,Owner
141,1,Owner
142,1,Owner
143,1,Owner
144,1,Owner
145,1,Owner
146,1,Owner
147,1,Owner
148,1,Owner
149,1,Owner
150,1,Owner
151,1,Owner
152,1,Owner
153,1,Owner
154,1,Owner
155,1,Owner
156,1,Owner
157,1,Owner
158,1,Owner
159,1,Owner
160,1,Owner
161,1,Owner
162,1,Owner
163,1,Owner
164,1,Owner
165,1,Owner
166,1,Owner
167,1,Owner
168,1,Owner
169,1,Owner
170,1,Owner
171,1,Owner
172,1,Owner
173,1,Owner
174,1,Owner
175,1,Owner
176,1,Owner
177,1,Owner
178,1,Owner
179,1,Owner
180,1,Owner
181,1,Owner
182,1,Owner
183,1,Owner
184,1,Owner
185,1,Owner
187,1,Owner
188,1,Owner
189,1,Owner
190,1,Owner
191,1,Owner
192,1,Owner
193,1,Owner
194,1,Owner
195,1,Owner
196,1,Owner
197,1,Owner
198,1,Owner
199,1,Owner
200,1,Owner
201,1,Owner
202,1,Owner
203,1,Owner
204,1,Owner
205,1,Owner
206,1,Owner
207,1,Owner
208,1,Owner
209,1,Owner
210,1,Owner
211,1,Owner
212,1,Owner
213,1,Owner
214,1,Owner
215,1,Owner
216,1,Owner
217,1,Owner
218,1,Owner
219,1,Owner
220,1,Owner
221,1,Owner
222,1,Owner
223,1,Owner
224,1,Owner
225,1,Owner
1,38,GC PM
2,38,GC PM
3,38,GC PM
4,38,GC PM
5,38,GC PM
6,38,GC PM
7,38,GC PM
8,38,GC PM
9,38,GC PM
10,38,GC PM
11,38,GC PM
12,38,GC PM
13,38,GC PM
14,38,GC PM
15,38,GC PM
16,38,GC PM
17,38,GC PM
18,38,GC PM
19,38,GC PM
20,38,GC PM
21,38,GC PM
22,38,GC PM
23,38,GC PM
24,38,GC PM
25,38,GC PM
26,38,GC PM
27,38,GC PM
28,38,GC PM
29,38,GC PM
30,38,GC PM
31,38,GC PM
32,38,GC PM
33,38,GC PM
34,38,GC PM
35,38,GC PM
36,38,GC PM
37,38,GC PM
38,38,GC PM
39,38,GC PM
40,38,GC PM
41,38,GC PM
42,38,GC PM
43,38,GC PM
44,38,GC PM
45,38,GC PM
46,38,GC PM
47,38,GC PM
48,38,GC PM
49,38,GC PM
50,38,GC PM
51,38,GC PM
52,38,GC PM
53,38,GC PM
54,38,GC PM
55,38,GC PM
56,38,GC PM
57,38,GC PM
58,38,GC PM
59,38,GC PM
60,38,GC PM
61,38,GC PM
62,38,GC PM
63,38,GC PM
64,38,GC PM
65,38,GC PM
66,38,GC PM
67,38,GC PM
68,38,GC PM
69,38,GC PM
70,38,GC PM
71,38,GC PM
72,38,GC PM
73,38,GC PM
74,38,GC PM
75,38,GC PM
76,38,GC PM
77,38,GC PM
78,38,GC PM
79,38,GC PM
80,38,GC PM
81,38,GC PM
82,38,GC PM
83,38,GC PM
84,38,GC PM
85,38,GC PM
86,38,GC PM
87,38,GC PM
88,38,GC PM
89,38,GC PM
90,38,GC PM
91,38,GC PM
92,38,GC PM
186,38,GC PM
93,38,GC PM
94,38,GC PM
95,38,GC PM
96,38,GC PM
97,38,GC PM
98,38,GC PM
99,38,GC PM
100,38,GC PM
101,38,GC PM
102,38,GC PM
103,38,GC PM
104,38,GC PM
105,38,GC PM
106,38,GC PM
107,38,GC PM
108,38,GC PM
109,38,GC PM
110,38,GC PM
111,38,GC PM
112,38,GC PM
113,38,GC PM
114,38,GC PM
115,38,GC PM
116,38,GC PM
117,38,GC PM
118,38,GC PM
119,38,GC PM
120,38,GC PM
121,38,GC PM
122,38,GC PM
123,38,GC PM
124,38,GC PM
125,38,GC PM
126,38,GC PM
127,38,GC PM
128,38,GC PM
129,38,GC PM
130,38,GC PM
131,38,GC PM
132,38,GC PM
133,38,GC PM
134,38,GC PM
135,38,GC PM
136,38,GC PM
137,38,GC PM
138,38,GC PM
139,38,GC PM
140,38,GC PM
141,38,GC PM
142,38,GC PM
143,38,GC PM
144,38,GC PM
145,38,GC PM
146,38,GC PM
147,38,GC PM
148,38,GC PM
149,38,GC PM
150,38,GC PM
151,38,GC PM
152,38,GC PM
153,38,GC PM
154,38,GC PM
155,38,GC PM
156,38,GC PM
157,38,GC PM
158,38,GC PM
159,38,GC PM
160,38,GC PM
161,38,GC PM
162,38,GC PM
163,38,GC PM
164,38,GC PM
165,38,GC PM
166,38,GC PM
167,38,GC PM
168,38,GC PM
169,38,GC PM
170,38,GC PM
171,38,GC PM
172,38,GC PM
173,38,GC PM
174,38,GC PM
175,38,GC PM
176,38,GC PM
177,38,GC PM
178,38,GC PM
179,38,GC PM
180,38,GC PM
181,38,GC PM
182,38,GC PM
183,38,GC PM
184,38,GC PM
185,38,GC PM
187,38,GC PM
188,38,GC PM
189,38,GC PM
190,38,GC PM
191,38,GC PM
192,38,GC PM
193,38,GC PM
194,38,GC PM
195,38,GC PM
196,38,GC PM
197,38,GC PM
198,38,GC PM
199,38,GC PM
200,38,GC PM
201,38,GC PM
202,38,GC PM
203,38,GC PM
204,38,GC PM
205,38,GC PM
206,38,GC PM
207,38,GC PM
208,38,GC PM
209,38,GC PM
210,38,GC PM
211,38,GC PM
212,38,GC PM
213,38,GC PM
214,38,GC PM
215,38,GC PM
216,38,GC PM
217,38,GC PM
218,38,GC PM
219,38,GC PM
220,38,GC PM
221,38,GC PM
222,38,GC PM
223,38,GC PM
224,38,GC PM
225,38,GC PM
1,61,Superintendent
2,61,Superintendent
3,61,Superintendent
4,61,Superintendent
5,61,Superintendent
6,61,Superintendent
7,61,Superintendent
8,61,Superintendent
9,61,Superintendent
10,61,Superintendent
11,61,Superintendent
12,61,Superintendent
13,61,Superintendent
14,61,Superintendent
15,61,Superintendent
16,61,Superintendent
17,61,Superintendent
18,61,Superintendent
19,61,Superintendent
20,61,Superintendent
21,61,Superintendent
22,61,Superintendent
23,61,Superintendent
24,61,Superintendent
25,61,Superintendent
26,61,Superintendent
27,61,Superintendent
28,61,Superintendent
29,61,Superintendent
30,61,Superintendent
31,61,Superintendent
32,61,Superintendent
33,61,Superintendent
34,61,Superintendent
35,61,Superintendent
36,61,Superintendent
37,61,Superintendent
38,61,Superintendent
39,61,Superintendent
40,61,Superintendent
41,61,Superintendent
42,61,Superintendent
43,61,Superintendent
44,61,Superintendent
45,61,Superintendent
46,61,Superintendent
47,61,Superintendent
48,61,Superintendent
49,61,Superintendent
50,61,Superintendent
51,61,Superintendent
52,61,Superintendent
53,61,Superintendent
54,61,Superintendent
55,61,Superintendent
56,61,Superintendent
57,61,Superintendent
58,61,Superintendent
59,61,Superintendent
60,61,Superintendent
61,61,Superintendent
62,61,Superintendent
63,61,Superintendent
64,61,Superintendent
65,61,Superintendent
66,61,Superintendent
67,61,Superintendent
68,61,Superintendent
69,61,Superintendent
70,61,Superintendent
71,61,Superintendent
72,61,Superintendent
73,61,Superintendent
74,61,Superintendent
75,61,Superintendent
76,61,Superintendent
77,61,Superintendent
78,61,Superintendent
79,61,Superintendent
80,61,Superintendent
81,61,Superintendent
82,61,Superintendent
83,61,Superintendent
84,61,Superintendent
85,61,Superintendent
86,61,Superintendent
87,61,Superintendent
88,61,Superintendent
89,61,Superintendent
90,61,Superintendent
91,61,Superintendent
92,61,Superintendent
186,61,Superintendent
93,61,Superintendent
94,61,Superintendent
95,61,Superintendent
96,61,Superintendent
97,61,Superintendent
98,61,Superintendent
99,61,Superintendent
100,61,Superintendent
101,61,Superintendent
102,61,Superintendent
103,61,Superintendent
104,61,Superintendent
105,61,Superintendent
106,61,Superintendent
107,61,Superintendent
108,61,Superintendent
109,61,Superintendent
110,61,Superintendent
111,61,Superintendent
112,61,Superintendent
113,61,Superintendent
114,61,Superintendent
115,61,Superintendent
116,61,Superintendent
117,61,Superintendent
118,61,Superintendent
119,61,Superintendent
120,61,Superintendent
121,61,Superintendent
122,61,Superintendent
123,61,Superintendent
124,61,Superintendent
125,61,Superintendent
126,61,Superintendent
127,61,Superintendent
128,61,Superintendent
129,61,Superintendent
130,61,Superintendent
131,61,Superintendent
132,61,Superintendent
133,61,Superintendent
134,61,Superintendent
135,61,Superintendent
136,61,Superintendent
137,61,Superintendent
138,61,Superintendent
139,61,Superintendent
140,61,Superintendent
141,61,Superintendent
142,61,Superintendent
143,61,Superintendent
144,61,Superintendent
145,61,Superintendent
146,61,Superintendent
147,61,Superintendent
148,61,Superintendent
149,61,Superintendent
150,61,Superintendent
151,61,Superintendent
152,61,Superintendent
153,61,Superintendent
154,61,Superintendent
155,61,Superintendent
156,61,Superintendent
157,61,Superintendent
158,61,Superintendent
159,61,Superintendent
160,61,Superintendent
161,61,Superintendent
162,61,Superintendent
163,61,Superintendent
164,61,Superintendent
165,61,Superintendent
166,61,Superintendent
167,61,Superintendent
168,61,Superintendent
169,61,Superintendent
170,61,Superintendent
171,61,Superintendent
172,61,Superintendent
173,61,Superintendent
174,61,Superintendent
175,61,Superintendent
176,61,Superintendent
177,61,Superintendent
178,61,Superintendent
179,61,Superintendent
180,61,Superintendent
181,61,Superintendent
182,61,Superintendent
183,61,Superintendent
184,61,Superintendent
185,61,Superintendent
187,61,Superintendent
188,61,Superintendent
189,61,Superintendent
190,61,Superintendent
191,61,Superintendent
192,61,Superintendent
193,61,Superintendent
194,61,Superintendent
195,61,Superintendent
196,61,Superintendent
197,61,Superintendent
198,61,Superintendent
199,61,Superintendent
200,61,Superintendent
201,61,Superintendent
202,61,Superintendent
203,61,Superintendent
204,61,Superintendent
205,61,Superintendent
206,61,Superintendent
207,61,Superintendent
208,61,Superintendent
209,61,Superintendent
210,61,Superintendent
211,61,Superintendent
212,61,Superintendent
213,61,Superintendent
214,61,Superintendent
215,61,Superintendent
216,61,Superintendent
217,61,Superintendent
218,61,Superintendent
219,61,Superintendent
220,61,Superintendent
221,61,Superintendent
222,61,Superintendent
223,61,Superintendent
224,61,Superintendent
225,61,Superintendent
1,89,Architect
2,89,Architect
3,89,Architect
4,89,Architect
6,89,Architect
7,89,Architect
8,89,Architect
9,89,Architect
10,89,Architect
13,89,Architect
14,89,Architect
15,89,Architect
16,89,Architect
18,89,Architect
19,89,Architect
21,89,Architect
23,89,Architect
25,89,Architect
26,89,Architect
27,89,Architect
28,89,Architect
29,89,Architect
31,89,Architect
32,89,Architect
34,89,Architect
35,89,Architect
36,89,Architect
37,89,Architect
38,89,Architect
42,89,Architect
45,89,Architect
47,89,Architect
48,89,Architect
49,89,Architect
51,89,Architect
52,89,Architect
53,89,Architect
54,89,Architect
55,89,Architect
58,89,Architect
59,89,Architect
60,89,Architect
63,89,Architect
64,89,Architect
65,89,Architect
66,89,Architect
70,89,Architect
71,89,Architect
73,89,Architect
74,89,Architect
76,89,Architect
78,89,Architect
79,89,Architect
80,89,Architect
81,89,Architect
83,89,Architect
85,89,Architect
86,89,Architect
88,89,Architect
89,89,Architect
90,89,Architect
91,89,Architect
92,89,Architect
186,89,Architect
93,89,Architect
94,89,Architect
97,89,Architect
102,89,Architect
104,89,Architect
105,89,Architect
107,89,Architect
110,89,Architect
112,89,Architect
113,89,Architect
115,89,Architect
116,89,Architect
117,89,Architect
118,89,Architect
122,89,Architect
123,89,Architect
124,89,Architect
127,89,Architect
128,89,Architect
133,89,Architect
134,89,Architect
136,89,Architect
137,89,Architect
138,89,Architect
141,89,Architect
142,89,Architect
143,89,Architect
146,89,Architect
148,89,Architect
149,89,Architect
151,89,Architect
153,89,Architect
154,89,Architect
155,89,Architect
156,89,Architect
158,89,Architect
159,89,Architect
161,89,Architect
163,89,Architect
166,89,Architect
167,89,Architect
170,89,Architect
171,89,Architect
176,89,Architect
178,89,Architect
179,89,Architect
181,89,Architect
183,89,Architect
185,89,Architect
187,89,Architect
188,89,Architect
191,89,Architect
192,89,Architect
195,89,Architect
196,89,Architect
200,89,Architect
202,89,Architect
203,89,Architect
205,89,Architect
206,89,Architect
207,89,Architect
208,89,Architect
209,89,Architect
211,89,Architect
212,89,Architect
213,89,Architect
216,89,Architect
218,89,Architect
220,89,Architect
221,89,Architect
223,89,Architect
224,89,Architect
225,89,Architect